month,n,q_hat,coverage_pct
2026-01,2339,0.021819894974772193,76.35741769987175
2026-02,1662,0.02393622019534376,76.17328519855594
2026-03,2044,0.02613356178939726,76.1252446183953
2026-04,1935,0.028741594028695645,80.15503875968992
2026-05,2130,0.029200408180277575,78.73239436619718
2026-06,2135,0.03039533004863619,79.81264637002342
2026-07,360,0.03082111194575141,79.16666666666666
