month,n,q_hat,coverage_pct
2026-01,2339,0.022921051139676546,76.95596408721676
2026-02,1662,0.02511308740910534,76.6546329723225
2026-03,2044,0.02756420246364209,76.81017612524462
2026-04,1935,0.029347932481978947,80.56847545219638
2026-05,2130,0.029950311612624726,78.92018779342723
2026-06,2135,0.030787855128550465,79.85948477751757
2026-07,360,0.031444407029366184,80.27777777777779
