{
  "val_2025": {
    "n": 25085,
    "baseline": {
      "mae": 169537.3456452063,
      "mape_pct": 24.502845054142387,
      "rmse": 202394.1780961207,
      "r2": 0.016727384508589793
    },
    "lightgbm_point": {
      "mae": 33570.41771619694,
      "mape_pct": 4.882121183634196,
      "rmse": 48890.358827314914,
      "r2": 0.9426247802413462
    },
    "interval_p10_p90": {
      "empirical_coverage_pct": 65.11062387881204,
      "mean_width_sgd": 75909.78567880673,
      "median_width_pct_of_price": 10.430118064268678
    }
  },
  "test_2026": {
    "n": 12605,
    "baseline": {
      "mae": 173880.3169631099,
      "mape_pct": 24.482950441992475,
      "rmse": 212282.15283526512,
      "r2": 0.015495250635227609
    },
    "lightgbm_point": {
      "mae": 39680.37259350804,
      "mape_pct": 5.663074928607124,
      "rmse": 58510.67661784227,
      "r2": 0.9252069765564692
    },
    "interval_p10_p90": {
      "empirical_coverage_pct": 56.874256247520826,
      "mean_width_sgd": 75541.97483348107,
      "median_width_pct_of_price": 10.306767873279695
    },
    "interval_p10_p90_raw": {
      "empirical_coverage_pct": 56.874256247520826,
      "mean_width_sgd": 75541.97483348107,
      "median_width_pct_of_price": 10.306767873279695
    },
    "interval_p10_p90_conformal": {
      "empirical_coverage_pct": 71.93177310591035,
      "mean_width_sgd": 102026.73058130096,
      "median_width_pct_of_price": 14.353535882174906
    },
    "interval_p10_p90_conformal_recent": {
      "empirical_coverage_pct": 74.32764775882586,
      "mean_width_sgd": 107372.19148480218,
      "median_width_pct_of_price": 15.169839126895933
    }
  },
  "cqr_q_hat_log_space": 0.02049091381028218,
  "cqr_q_hat_recent_window": 0.02462288987221466
}