{
  "val_2025": {
    "n": 25085,
    "baseline": {
      "mae": 169537.3456452063,
      "mape_pct": 24.502845054142387,
      "rmse": 202394.1780961207,
      "r2": 0.016727384508589793
    },
    "lightgbm_point": {
      "mae": 33929.00331590624,
      "mape_pct": 4.922674193308748,
      "rmse": 49662.3122354355,
      "r2": 0.9407986262332413
    },
    "interval_p10_p90": {
      "empirical_coverage_pct": 67.77356986246761,
      "mean_width_sgd": 83863.4001636506,
      "median_width_pct_of_price": 11.384762120419879
    }
  },
  "test_2026": {
    "n": 12605,
    "baseline": {
      "mae": 173880.3169631099,
      "mape_pct": 24.482950441992475,
      "rmse": 212282.15283526512,
      "r2": 0.015495250635227609
    },
    "lightgbm_point": {
      "mae": 39941.52465287556,
      "mape_pct": 5.694208774263673,
      "rmse": 58728.483993645044,
      "r2": 0.9246491025429826
    },
    "interval_p10_p90": {
      "empirical_coverage_pct": 60.89646965489885,
      "mean_width_sgd": 83313.64164449976,
      "median_width_pct_of_price": 11.190441300613019
    },
    "interval_p10_p90_conformal": {
      "empirical_coverage_pct": 75.65251884172947,
      "mean_width_sgd": 111396.19030897072,
      "median_width_pct_of_price": 15.491129824301622
    },
    "interval_p10_p90_adaptive": {
      "empirical_coverage_pct": 77.94525981753273,
      "mean_width_sgd": 117855.28160090426,
      "median_width_pct_of_price": 16.491763079796108
    }
  },
  "cqr_q_hat": 0.021819894974772193
}